{
    "name": "DelimitedText1",
    "properties": {
        "linkedServiceName": {
            "referenceName": "LS_TO_ADLS",
            "type": "LinkedServiceReference"
        },
        "parameters": {
            "schema_param": {
                "type": "string"
            },
            "tableName_param": {
                "type": "string"
            }
        },
        "annotations": [],
        "type": "DelimitedText",
        "typeProperties": {
            "location": {
                "type": "AzureBlobFSLocation",
                "fileName": {
                    "value": "@concat(dataset().schema_param,'_',dataset().tableName_param,'.csv')",
                    "type": "Expression"
                },
                "folderPath": {
                    "value": "@concat(replace(substring(utcNow(),0 ,10),'-' ,'/')  )\n\n\n",
                    "type": "Expression"
                },
                "fileSystem": "data"
            },
            "columnDelimiter": ",",
            "escapeChar": "\\",
            "firstRowAsHeader": true,
            "quoteChar": "\""
        },
        "schema": []
    },
    "type": "Microsoft.DataFactory/factories/datasets"
}