{
    "name": "dS_adls_fullLoad_OUTPUT",
    "properties": {
        "linkedServiceName": {
            "referenceName": "LS_TO_ADLS",
            "type": "LinkedServiceReference"
        },
        "parameters": {
            "Schema": {
                "type": "string"
            },
            "TABLEname": {
                "type": "string"
            }
        },
        "annotations": [],
        "type": "DelimitedText",
        "typeProperties": {
            "location": {
                "type": "AzureBlobFSLocation",
                "fileName": {
                    "value": "@concat(dataset().Schema,'_',dataset().TABLEname,'.Csv')",
                    "type": "Expression"
                },
                "folderPath": {
                    "value": "@replace(substring(utcNow(),0 ,10),'-' ,'/' )\n",
                    "type": "Expression"
                },
                "fileSystem": "data"
            },
            "columnDelimiter": ",",
            "escapeChar": "\\",
            "firstRowAsHeader": true,
            "quoteChar": "\""
        },
        "schema": []
    },
    "type": "Microsoft.DataFactory/factories/datasets"
}