{
    "name": "DS_SqlServerTable_watermark",
    "properties": {
        "linkedServiceName": {
            "referenceName": "SqlServer1",
            "type": "LinkedServiceReference"
        },
        "annotations": [],
        "type": "SqlServerTable",
        "schema": [
            {
                "name": "id",
                "type": "int",
                "precision": 10
            },
            {
                "name": "tablename",
                "type": "varchar"
            },
            {
                "name": "watermarkDateTime",
                "type": "datetime",
                "precision": 23,
                "scale": 3
            }
        ]
    },
    "type": "Microsoft.DataFactory/factories/datasets"
}