{
    "name": "SqlServerTable_onPrems",
    "properties": {
        "linkedServiceName": {
            "referenceName": "LS_on_prems_SqlServer",
            "type": "LinkedServiceReference"
        },
        "parameters": {
            "schema": {
                "type": "string"
            },
            "TableName": {
                "type": "string"
            }
        },
        "annotations": [],
        "type": "SqlServerTable",
        "schema": [],
        "typeProperties": {
            "schema": {
                "value": "@dataset().schema",
                "type": "Expression"
            },
            "table": {
                "value": "@dataset().TableName",
                "type": "Expression"
            }
        }
    },
    "type": "Microsoft.DataFactory/factories/datasets"
}