{
    "name": "SqlServerTableForFullLoad",
    "properties": {
        "linkedServiceName": {
            "referenceName": "SqlServer1",
            "type": "LinkedServiceReference"
        },
        "annotations": [],
        "type": "SqlServerTable",
        "schema": [
            {
                "name": "sno",
                "type": "varchar"
            },
            {
                "name": "sourceSchema",
                "type": "varchar"
            },
            {
                "name": "sourceTableName",
                "type": "varchar"
            },
            {
                "name": "LoadType",
                "type": "varchar"
            },
            {
                "name": "status",
                "type": "varchar"
            }
        ]
    },
    "type": "Microsoft.DataFactory/factories/datasets"
}