{
    "now": "2025-03-27T11:52:45.392Z",
    "perfNow": 258455.09999999404,
    "diagnosticCorrelation": "f282e376-e5f0-4cce-ab6c-345f4427034a",
    "source": "DownloadSupportFiles",
    "environment": {
        "productName": "adf",
        "buildVersion": "1.0.031325.15",
        "environmentType": 3,
        "resourceName": "EDUFULLNESS-PROJECT-ADF",
        "resourceRegion": "eastus",
        "resourceGroup": "edufullness_resourse_Group",
        "subscriptionId": "6f7a6f0c-da9f-486c-ab28-57e58514dcbb",
        "sessionId": "G/71JPvUhMxSRPbuhemoT6",
        "operationId": "",
        "gitType": "VSTS",
        "loggingKey": "e50d91f7-d6a2-4d46-b227-6292757e8035"
    },
    "additionalInfo": {
        "selectedResource": "MATSER PIPLINE",
        "selectedResourceType": "pipeline"
    }
}