{
    "name": "Data_agg_jdbc",
    "properties": {
        "activities": [
            {
                "name": "Notebook_data_agg_JDBC",
                "type": "DatabricksNotebook",
                "dependsOn": [],
                "policy": {
                    "timeout": "0.12:00:00",
                    "retry": 0,
                    "retryIntervalInSeconds": 30,
                    "secureOutput": false,
                    "secureInput": false
                },
                "userProperties": [],
                "typeProperties": {
                    "notebookPath": "/edufullness_project/Data agrregation 2025-03-19 18:24:17"
                },
                "linkedServiceName": {
                    "referenceName": "AzureDatabricks_edufullness",
                    "type": "LinkedServiceReference"
                }
            }
        ],
        "folder": {
            "name": "EDUFULLNESS-PROJECT"
        },
        "annotations": []
    }
}