{
    "name": "inremental_load_pipline",
    "properties": {
        "activities": [
            {
                "name": "Lookup_for_iinc_hydration_file",
                "type": "Lookup",
                "dependsOn": [],
                "policy": {
                    "timeout": "0.12:00:00",
                    "retry": 0,
                    "retryIntervalInSeconds": 30,
                    "secureOutput": false,
                    "secureInput": false
                },
                "userProperties": [],
                "typeProperties": {
                    "source": {
                        "type": "SqlServerSource",
                        "sqlReaderQuery": {
                            "value": "select * from [dbo].[hydration]  where LoadType='inc' and status=1\n",
                            "type": "Expression"
                        },
                        "queryTimeout": "02:00:00",
                        "partitionOption": "None"
                    },
                    "dataset": {
                        "referenceName": "hhydration_file_to_sql_table",
                        "type": "DatasetReference"
                    },
                    "firstRowOnly": false
                }
            },
            {
                "name": "ForEach_item_of_HYdraaion",
                "type": "ForEach",
                "dependsOn": [
                    {
                        "activity": "Lookup_for_iinc_hydration_file",
                        "dependencyConditions": [
                            "Succeeded"
                        ]
                    }
                ],
                "userProperties": [],
                "typeProperties": {
                    "items": {
                        "value": "@activity('Lookup_for_iinc_hydration_file').output.value",
                        "type": "Expression"
                    },
                    "activities": [
                        {
                            "name": "Lookup_for_watermark_date",
                            "type": "Lookup",
                            "dependsOn": [],
                            "policy": {
                                "timeout": "0.12:00:00",
                                "retry": 0,
                                "retryIntervalInSeconds": 30,
                                "secureOutput": false,
                                "secureInput": false
                            },
                            "userProperties": [],
                            "typeProperties": {
                                "source": {
                                    "type": "SqlServerSource",
                                    "sqlReaderQuery": {
                                        "value": "@concat('select watermarkDateTime from watermarktable where tablename = ''',item().sourceTableName,'''')",
                                        "type": "Expression"
                                    },
                                    "queryTimeout": "02:00:00",
                                    "partitionOption": "None"
                                },
                                "dataset": {
                                    "referenceName": "DS_SqlServerTable_watermark",
                                    "type": "DatasetReference"
                                },
                                "firstRowOnly": false
                            }
                        },
                        {
                            "name": "Lookup_MAX_DATE_ON_PREMS",
                            "type": "Lookup",
                            "dependsOn": [],
                            "policy": {
                                "timeout": "0.12:00:00",
                                "retry": 0,
                                "retryIntervalInSeconds": 30,
                                "secureOutput": false,
                                "secureInput": false
                            },
                            "userProperties": [],
                            "typeProperties": {
                                "source": {
                                    "type": "SqlServerSource",
                                    "sqlReaderQuery": {
                                        "value": "@concat('select  max(ModifiedDate) as MAXDATE from ',item().sourceSchema,'.',item().sourceTableName )",
                                        "type": "Expression"
                                    },
                                    "queryTimeout": "02:00:00",
                                    "partitionOption": "None"
                                },
                                "dataset": {
                                    "referenceName": "DS_SqlServerTable_ON_PREMS",
                                    "type": "DatasetReference"
                                },
                                "firstRowOnly": false
                            }
                        },
                        {
                            "name": "Copy data1",
                            "type": "Copy",
                            "dependsOn": [
                                {
                                    "activity": "Lookup_for_watermark_date",
                                    "dependencyConditions": [
                                        "Succeeded"
                                    ]
                                },
                                {
                                    "activity": "Lookup_MAX_DATE_ON_PREMS",
                                    "dependencyConditions": [
                                        "Succeeded"
                                    ]
                                }
                            ],
                            "policy": {
                                "timeout": "0.12:00:00",
                                "retry": 0,
                                "retryIntervalInSeconds": 30,
                                "secureOutput": false,
                                "secureInput": false
                            },
                            "userProperties": [],
                            "typeProperties": {
                                "source": {
                                    "type": "SqlServerSource",
                                    "sqlReaderQuery": {
                                        "value": "@concat('\n         select * from \n         ',item().sourceSchema,'\n         .\n         ',item().sourceTableName,'\n          where ModifiedDate >\n          ''',activity('Lookup_for_watermark_date').output.value[0].watermarkDatetime,'''\n          and  ModifiedDate <=\n          ''',activity('Lookup_MAX_DATE_ON_PREMS').output.value[0].MAXDATE,'''\n          ' )",
                                        "type": "Expression"
                                    },
                                    "queryTimeout": "02:00:00",
                                    "partitionOption": "None"
                                },
                                "sink": {
                                    "type": "DelimitedTextSink",
                                    "storeSettings": {
                                        "type": "AzureBlobFSWriteSettings"
                                    },
                                    "formatSettings": {
                                        "type": "DelimitedTextWriteSettings",
                                        "quoteAllText": true,
                                        "fileExtension": ".txt"
                                    }
                                },
                                "enableStaging": false,
                                "translator": {
                                    "type": "TabularTranslator",
                                    "typeConversion": true,
                                    "typeConversionSettings": {
                                        "allowDataTruncation": true,
                                        "treatBooleanAsNumber": false
                                    }
                                }
                            },
                            "inputs": [
                                {
                                    "referenceName": "DS_SqlServerTable_ON_PREMS",
                                    "type": "DatasetReference"
                                }
                            ],
                            "outputs": [
                                {
                                    "referenceName": "DelimitedText1",
                                    "type": "DatasetReference",
                                    "parameters": {
                                        "schema_param": {
                                            "value": "@item().sourceSchema",
                                            "type": "Expression"
                                        },
                                        "tableName_param": {
                                            "value": "@item().sourceTableName",
                                            "type": "Expression"
                                        }
                                    }
                                }
                            ]
                        },
                        {
                            "name": "Script_update_water_mark",
                            "type": "Script",
                            "dependsOn": [
                                {
                                    "activity": "Copy data1",
                                    "dependencyConditions": [
                                        "Succeeded"
                                    ]
                                }
                            ],
                            "policy": {
                                "timeout": "0.12:00:00",
                                "retry": 0,
                                "retryIntervalInSeconds": 30,
                                "secureOutput": false,
                                "secureInput": false
                            },
                            "userProperties": [],
                            "linkedServiceName": {
                                "referenceName": "SqlServer1",
                                "type": "LinkedServiceReference"
                            },
                            "typeProperties": {
                                "scripts": [
                                    {
                                        "type": "Query",
                                        "text": {
                                            "value": "@concat('update watermarktable set watermarkDateTime = ''',activity('Lookup_MAX_DATE_ON_PREMS').output.value[0].MAXDATE,''' where  tablename = ''',item().sourceTableName,'''')",
                                            "type": "Expression"
                                        }
                                    }
                                ],
                                "scriptBlockExecutionTimeout": "02:00:00"
                            }
                        }
                    ]
                }
            }
        ],
        "folder": {
            "name": "EDUFULLNESS-PROJECT"
        },
        "annotations": [],
        "lastPublishTime": "2025-03-11T12:47:52Z"
    },
    "type": "Microsoft.DataFactory/factories/pipelines"
}