{
    "name": "mount_and_merging",
    "properties": {
        "activities": [
            {
                "name": "Mount_merging_",
                "type": "DatabricksNotebook",
                "dependsOn": [],
                "policy": {
                    "timeout": "0.12:00:00",
                    "retry": 0,
                    "retryIntervalInSeconds": 30,
                    "secureOutput": false,
                    "secureInput": false
                },
                "userProperties": [],
                "typeProperties": {
                    "notebookPath": "/edufullness_project/mount_to_adls_Gen_2 2025-03-16 16:11:15"
                },
                "linkedServiceName": {
                    "referenceName": "AzureDatabricks_edufullness",
                    "type": "LinkedServiceReference"
                }
            }
        ],
        "folder": {
            "name": "EDUFULLNESS-PROJECT"
        },
        "annotations": []
    }
}