{
    "$schema": "http://schema.management.azure.com/schemas/2015-01-01/deploymentTemplate.json#",
    "contentVersion": "1.0.0.0",
    "parameters": {
        "factoryName": {
            "type": "string",
            "metadata": "Data Factory name",
            "defaultValue": "EDUFULLNESS-PROJECT-ADF"
        },
        "LS_TO_ADLS_accountKey": {
            "type": "secureString",
            "metadata": "Secure string for 'accountKey' of 'LS_TO_ADLS'"
        },
        "SqlServer1_connectionString": {
            "type": "secureString",
            "metadata": "Secure string for 'connectionString' of 'SqlServer1'"
        },
        "LS_on_prems_SqlServer_connectionString": {
            "type": "secureString",
            "metadata": "Secure string for 'connectionString' of 'LS_on_prems_SqlServer'"
        },
        "AzureDatabricks_edufullness_accessToken": {
            "type": "secureString",
            "metadata": "Secure string for 'accessToken' of 'AzureDatabricks_edufullness'"
        },
        "LS_TO_ADLS_properties_typeProperties_url": {
            "type": "string",
            "defaultValue": "https://adls0edufullnes.dfs.core.windows.net/"
        },
        "AzureDatabricks_edufullness_properties_typeProperties_existingClusterId": {
            "type": "string",
            "defaultValue": "0318-032555-3x0l5kj4"
        },
        "containerUri": {
            "type": "string",
            "metadata": "URI to storage account containing linked ARM templates"
        },
        "containerSasToken": {
            "type": "string",
            "metadata": "Sas token to storage account containing linked ARM templates"
        }
    },
    "variables": {
        "factoryId": "[concat('Microsoft.DataFactory/factories/', parameters('factoryName'))]"
    },
    "resources": [
        {
            "name": "EDUFULLNESS-PROJECT-ADF_ArmTemplate_0",
            "type": "Microsoft.Resources/deployments",
            "apiVersion": "2024-03-01",
            "properties": {
                "mode": "incremental",
                "templateLink": {
                    "uri": "[concat(parameters('containerUri'), '/ArmTemplate_0.json', parameters('containerSasToken'))]",
                    "contentVersion": "1.0.0.0"
                },
                "parameters": {
                    "factoryName": {
                        "value": "[parameters('factoryName')]"
                    },
                    "LS_TO_ADLS_accountKey": {
                        "value": "[parameters('LS_TO_ADLS_accountKey')]"
                    },
                    "SqlServer1_connectionString": {
                        "value": "[parameters('SqlServer1_connectionString')]"
                    },
                    "AzureDatabricks_edufullness_accessToken": {
                        "value": "[parameters('AzureDatabricks_edufullness_accessToken')]"
                    },
                    "LS_on_prems_SqlServer_connectionString": {
                        "value": "[parameters('LS_on_prems_SqlServer_connectionString')]"
                    },
                    "LS_TO_ADLS_properties_typeProperties_url": {
                        "value": "[parameters('LS_TO_ADLS_properties_typeProperties_url')]"
                    },
                    "AzureDatabricks_edufullness_properties_typeProperties_existingClusterId": {
                        "value": "[parameters('AzureDatabricks_edufullness_properties_typeProperties_existingClusterId')]"
                    }
                }
            },
            "dependsOn": []
        }
    ]
}