{
    "$schema": "https://schema.management.azure.com/schemas/2015-01-01/deploymentParameters.json#",
    "contentVersion": "1.0.0.0",
    "parameters": {
        "factoryName": {
            "value": "EDUFULLNESS-PROJECT-ADF"
        },
        "LS_TO_ADLS_accountKey": {
            "value": ""
        },
        "SqlServer1_connectionString": {
            "value": ""
        },
        "LS_on_prems_SqlServer_connectionString": {
            "value": ""
        },
        "AzureDatabricks_edufullness_accessToken": {
            "value": ""
        },
        "LS_TO_ADLS_properties_typeProperties_url": {
            "value": "https://adls0edufullnes.dfs.core.windows.net/"
        },
        "AzureDatabricks_edufullness_properties_typeProperties_existingClusterId": {
            "value": "0318-032555-3x0l5kj4"
        },
        "containerUri": {
            "value": ""
        },
        "containerSasToken": {
            "value": ""
        }
    }
}