{
    "$schema": "http://schema.management.azure.com/schemas/2015-01-01/deploymentTemplate.json#",
    "contentVersion": "1.0.0.0",
    "parameters": {
        "factoryName": {
            "type": "string",
            "metadata": "Data Factory name",
            "defaultValue": "EDUFULLNESS-PROJECT-ADF"
        },
        "LS_TO_ADLS_accountKey": {
            "type": "secureString",
            "metadata": "Secure string for 'accountKey' of 'LS_TO_ADLS'"
        },
        "SqlServer1_connectionString": {
            "type": "secureString",
            "metadata": "Secure string for 'connectionString' of 'SqlServer1'"
        },
        "LS_on_prems_SqlServer_connectionString": {
            "type": "secureString",
            "metadata": "Secure string for 'connectionString' of 'LS_on_prems_SqlServer'"
        },
        "AzureDatabricks_edufullness_accessToken": {
            "type": "secureString",
            "metadata": "Secure string for 'accessToken' of 'AzureDatabricks_edufullness'"
        },
        "LS_TO_ADLS_properties_typeProperties_url": {
            "type": "string",
            "defaultValue": "https://adls0edufullnes.dfs.core.windows.net/"
        },
        "AzureDatabricks_edufullness_properties_typeProperties_existingClusterId": {
            "type": "string",
            "defaultValue": "0318-032555-3x0l5kj4"
        }
    },
    "variables": {
        "factoryId": "[concat('Microsoft.DataFactory/factories/', parameters('factoryName'))]"
    },
    "resources": [
        {
            "name": "[concat(parameters('factoryName'), '/Ds_output_To_HYdration_File')]",
            "type": "Microsoft.DataFactory/factories/datasets",
            "apiVersion": "2018-06-01",
            "properties": {
                "linkedServiceName": {
                    "referenceName": "LS_TO_ADLS",
                    "type": "LinkedServiceReference"
                },
                "annotations": [],
                "type": "DelimitedText",
                "typeProperties": {
                    "location": {
                        "type": "AzureBlobFSLocation",
                        "fileName": "pass.csv",
                        "folderPath": {
                            "value": "@replace(substring(utcNow(),0,10),'-','/')\n\n",
                            "type": "Expression"
                        },
                        "fileSystem": "hydrationfile"
                    },
                    "columnDelimiter": ",",
                    "escapeChar": "\\",
                    "firstRowAsHeader": true,
                    "quoteChar": "\""
                },
                "schema": []
            },
            "dependsOn": [
                "[concat(variables('factoryId'), '/linkedServices/LS_TO_ADLS')]"
            ]
        },
        {
            "name": "[concat(parameters('factoryName'), '/DS_input_TO_SHAREPOINT')]",
            "type": "Microsoft.DataFactory/factories/datasets",
            "apiVersion": "2018-06-01",
            "properties": {
                "linkedServiceName": {
                    "referenceName": "LS_TO_ADLS",
                    "type": "LinkedServiceReference"
                },
                "annotations": [],
                "type": "Excel",
                "typeProperties": {
                    "sheetName": "Sheet1",
                    "location": {
                        "type": "AzureBlobFSLocation",
                        "fileName": "HydrationFile.xlsx",
                        "fileSystem": "sharepoint"
                    },
                    "firstRowAsHeader": true
                },
                "schema": []
            },
            "dependsOn": [
                "[concat(variables('factoryId'), '/linkedServices/LS_TO_ADLS')]"
            ]
        },
        {
            "name": "[concat(parameters('factoryName'), '/hhydration_file_to_sql_table')]",
            "type": "Microsoft.DataFactory/factories/datasets",
            "apiVersion": "2018-06-01",
            "properties": {
                "linkedServiceName": {
                    "referenceName": "SqlServer1",
                    "type": "LinkedServiceReference"
                },
                "annotations": [],
                "type": "SqlServerTable",
                "schema": [
                    {
                        "name": "sno",
                        "type": "varchar"
                    },
                    {
                        "name": "sourceSchema",
                        "type": "varchar"
                    },
                    {
                        "name": "sourceTableName",
                        "type": "varchar"
                    },
                    {
                        "name": "LoadType",
                        "type": "varchar"
                    },
                    {
                        "name": "status",
                        "type": "varchar"
                    }
                ],
                "typeProperties": {
                    "schema": "dbo",
                    "table": "hydration"
                }
            },
            "dependsOn": [
                "[concat(variables('factoryId'), '/linkedServices/SqlServer1')]"
            ]
        },
        {
            "name": "[concat(parameters('factoryName'), '/SqlServerTable_onPrems')]",
            "type": "Microsoft.DataFactory/factories/datasets",
            "apiVersion": "2018-06-01",
            "properties": {
                "linkedServiceName": {
                    "referenceName": "LS_on_prems_SqlServer",
                    "type": "LinkedServiceReference"
                },
                "parameters": {
                    "schema": {
                        "type": "string"
                    },
                    "TableName": {
                        "type": "string"
                    }
                },
                "annotations": [],
                "type": "SqlServerTable",
                "schema": [],
                "typeProperties": {
                    "schema": {
                        "value": "@dataset().schema",
                        "type": "Expression"
                    },
                    "table": {
                        "value": "@dataset().TableName",
                        "type": "Expression"
                    }
                }
            },
            "dependsOn": [
                "[concat(variables('factoryId'), '/linkedServices/LS_on_prems_SqlServer')]"
            ]
        },
        {
            "name": "[concat(parameters('factoryName'), '/dS_adls_fullLoad_OUTPUT')]",
            "type": "Microsoft.DataFactory/factories/datasets",
            "apiVersion": "2018-06-01",
            "properties": {
                "linkedServiceName": {
                    "referenceName": "LS_TO_ADLS",
                    "type": "LinkedServiceReference"
                },
                "parameters": {
                    "Schema": {
                        "type": "string"
                    },
                    "TABLEname": {
                        "type": "string"
                    }
                },
                "annotations": [],
                "type": "DelimitedText",
                "typeProperties": {
                    "location": {
                        "type": "AzureBlobFSLocation",
                        "fileName": {
                            "value": "@concat(dataset().Schema,'_',dataset().TABLEname,'.Csv')",
                            "type": "Expression"
                        },
                        "folderPath": {
                            "value": "@replace(substring(utcNow(),0 ,10),'-' ,'/' )\n",
                            "type": "Expression"
                        },
                        "fileSystem": "data"
                    },
                    "columnDelimiter": ",",
                    "escapeChar": "\\",
                    "firstRowAsHeader": true,
                    "quoteChar": "\""
                },
                "schema": []
            },
            "dependsOn": [
                "[concat(variables('factoryId'), '/linkedServices/LS_TO_ADLS')]"
            ]
        },
        {
            "name": "[concat(parameters('factoryName'), '/SqlServerTableForFullLoad')]",
            "type": "Microsoft.DataFactory/factories/datasets",
            "apiVersion": "2018-06-01",
            "properties": {
                "linkedServiceName": {
                    "referenceName": "SqlServer1",
                    "type": "LinkedServiceReference"
                },
                "annotations": [],
                "type": "SqlServerTable",
                "schema": [
                    {
                        "name": "sno",
                        "type": "varchar"
                    },
                    {
                        "name": "sourceSchema",
                        "type": "varchar"
                    },
                    {
                        "name": "sourceTableName",
                        "type": "varchar"
                    },
                    {
                        "name": "LoadType",
                        "type": "varchar"
                    },
                    {
                        "name": "status",
                        "type": "varchar"
                    }
                ],
                "typeProperties": {}
            },
            "dependsOn": [
                "[concat(variables('factoryId'), '/linkedServices/SqlServer1')]"
            ]
        },
        {
            "name": "[concat(parameters('factoryName'), '/SqlServerTable1')]",
            "type": "Microsoft.DataFactory/factories/datasets",
            "apiVersion": "2018-06-01",
            "properties": {
                "linkedServiceName": {
                    "referenceName": "LS_on_prems_SqlServer",
                    "type": "LinkedServiceReference"
                },
                "annotations": [],
                "type": "SqlServerTable",
                "schema": [],
                "typeProperties": {}
            },
            "dependsOn": [
                "[concat(variables('factoryId'), '/linkedServices/LS_on_prems_SqlServer')]"
            ]
        },
        {
            "name": "[concat(parameters('factoryName'), '/DS_SqlServerTable_watermark')]",
            "type": "Microsoft.DataFactory/factories/datasets",
            "apiVersion": "2018-06-01",
            "properties": {
                "linkedServiceName": {
                    "referenceName": "SqlServer1",
                    "type": "LinkedServiceReference"
                },
                "annotations": [],
                "type": "SqlServerTable",
                "schema": [
                    {
                        "name": "id",
                        "type": "int",
                        "precision": 10
                    },
                    {
                        "name": "tablename",
                        "type": "varchar"
                    },
                    {
                        "name": "watermarkDateTime",
                        "type": "datetime",
                        "precision": 23,
                        "scale": 3
                    }
                ],
                "typeProperties": {
                    "schema": "dbo",
                    "table": "watermarktable"
                }
            },
            "dependsOn": [
                "[concat(variables('factoryId'), '/linkedServices/SqlServer1')]"
            ]
        },
        {
            "name": "[concat(parameters('factoryName'), '/DS_SqlServerTable_ON_PREMS')]",
            "type": "Microsoft.DataFactory/factories/datasets",
            "apiVersion": "2018-06-01",
            "properties": {
                "linkedServiceName": {
                    "referenceName": "LS_on_prems_SqlServer",
                    "type": "LinkedServiceReference"
                },
                "annotations": [],
                "type": "SqlServerTable",
                "schema": [],
                "typeProperties": {}
            },
            "dependsOn": [
                "[concat(variables('factoryId'), '/linkedServices/LS_on_prems_SqlServer')]"
            ]
        },
        {
            "name": "[concat(parameters('factoryName'), '/DelimitedText1')]",
            "type": "Microsoft.DataFactory/factories/datasets",
            "apiVersion": "2018-06-01",
            "properties": {
                "linkedServiceName": {
                    "referenceName": "LS_TO_ADLS",
                    "type": "LinkedServiceReference"
                },
                "parameters": {
                    "schema_param": {
                        "type": "string"
                    },
                    "tableName_param": {
                        "type": "string"
                    }
                },
                "annotations": [],
                "type": "DelimitedText",
                "typeProperties": {
                    "location": {
                        "type": "AzureBlobFSLocation",
                        "fileName": {
                            "value": "@concat(dataset().schema_param,'_',dataset().tableName_param,'.csv')",
                            "type": "Expression"
                        },
                        "folderPath": {
                            "value": "@concat(  'inc', replace(substring(utcNow(),0 ,10),'-' ,'/')  )\n\n\n",
                            "type": "Expression"
                        },
                        "fileSystem": "data"
                    },
                    "columnDelimiter": ",",
                    "escapeChar": "\\",
                    "firstRowAsHeader": true,
                    "quoteChar": "\""
                },
                "schema": []
            },
            "dependsOn": [
                "[concat(variables('factoryId'), '/linkedServices/LS_TO_ADLS')]"
            ]
        },
        {
            "name": "[concat(parameters('factoryName'), '/IR-ON-PREMS')]",
            "type": "Microsoft.DataFactory/factories/integrationRuntimes",
            "apiVersion": "2018-06-01",
            "properties": {
                "type": "SelfHosted",
                "description": "THIS IS CREATION OF IR SELF HOSTED",
                "typeProperties": {}
            },
            "dependsOn": []
        },
        {
            "name": "[concat(parameters('factoryName'), '/HYDRATION TO SHARE POINT')]",
            "type": "Microsoft.DataFactory/factories/pipelines",
            "apiVersion": "2018-06-01",
            "properties": {
                "activities": [
                    {
                        "name": "share point adls to hydration file adls",
                        "type": "Copy",
                        "dependsOn": [],
                        "policy": {
                            "timeout": "0.12:00:00",
                            "retry": 0,
                            "retryIntervalInSeconds": 30,
                            "secureOutput": false,
                            "secureInput": false
                        },
                        "userProperties": [],
                        "typeProperties": {
                            "source": {
                                "type": "ExcelSource",
                                "storeSettings": {
                                    "type": "AzureBlobFSReadSettings",
                                    "recursive": true,
                                    "enablePartitionDiscovery": false
                                }
                            },
                            "sink": {
                                "type": "DelimitedTextSink",
                                "storeSettings": {
                                    "type": "AzureBlobFSWriteSettings"
                                },
                                "formatSettings": {
                                    "type": "DelimitedTextWriteSettings",
                                    "quoteAllText": true,
                                    "fileExtension": ".txt"
                                }
                            },
                            "enableStaging": false,
                            "translator": {
                                "type": "TabularTranslator",
                                "typeConversion": true,
                                "typeConversionSettings": {
                                    "allowDataTruncation": true,
                                    "treatBooleanAsNumber": false
                                }
                            }
                        },
                        "inputs": [
                            {
                                "referenceName": "DS_input_TO_SHAREPOINT",
                                "type": "DatasetReference",
                                "parameters": {}
                            }
                        ],
                        "outputs": [
                            {
                                "referenceName": "Ds_output_To_HYdration_File",
                                "type": "DatasetReference",
                                "parameters": {}
                            }
                        ]
                    },
                    {
                        "name": "Copy data from hydratioin adls to azure sql",
                        "type": "Copy",
                        "dependsOn": [
                            {
                                "activity": "share point adls to hydration file adls",
                                "dependencyConditions": [
                                    "Succeeded"
                                ]
                            }
                        ],
                        "policy": {
                            "timeout": "0.12:00:00",
                            "retry": 0,
                            "retryIntervalInSeconds": 30,
                            "secureOutput": false,
                            "secureInput": false
                        },
                        "userProperties": [],
                        "typeProperties": {
                            "source": {
                                "type": "DelimitedTextSource",
                                "storeSettings": {
                                    "type": "AzureBlobFSReadSettings",
                                    "recursive": true,
                                    "enablePartitionDiscovery": false
                                },
                                "formatSettings": {
                                    "type": "DelimitedTextReadSettings"
                                }
                            },
                            "sink": {
                                "type": "SqlServerSink",
                                "preCopyScript": "truncate table dbo.hydration",
                                "writeBehavior": "insert",
                                "sqlWriterUseTableLock": false
                            },
                            "enableStaging": false,
                            "translator": {
                                "type": "TabularTranslator",
                                "typeConversion": true,
                                "typeConversionSettings": {
                                    "allowDataTruncation": true,
                                    "treatBooleanAsNumber": false
                                }
                            }
                        },
                        "inputs": [
                            {
                                "referenceName": "Ds_output_To_HYdration_File",
                                "type": "DatasetReference",
                                "parameters": {}
                            }
                        ],
                        "outputs": [
                            {
                                "referenceName": "hhydration_file_to_sql_table",
                                "type": "DatasetReference",
                                "parameters": {}
                            }
                        ]
                    }
                ],
                "policy": {
                    "elapsedTimeMetric": {}
                },
                "folder": {
                    "name": "EDUFULLNESS-PROJECT"
                },
                "annotations": [],
                "lastPublishTime": "2025-03-10T08:50:41Z"
            },
            "dependsOn": [
                "[concat(variables('factoryId'), '/datasets/DS_input_TO_SHAREPOINT')]",
                "[concat(variables('factoryId'), '/datasets/Ds_output_To_HYdration_File')]",
                "[concat(variables('factoryId'), '/datasets/hhydration_file_to_sql_table')]"
            ]
        },
        {
            "name": "[concat(parameters('factoryName'), '/MATSER PIPLINE')]",
            "type": "Microsoft.DataFactory/factories/pipelines",
            "apiVersion": "2018-06-01",
            "properties": {
                "activities": [
                    {
                        "name": "MASTER HYDRATION FILE",
                        "type": "ExecutePipeline",
                        "dependsOn": [],
                        "policy": {
                            "secureInput": false
                        },
                        "userProperties": [],
                        "typeProperties": {
                            "pipeline": {
                                "referenceName": "HYDRATION TO SHARE POINT",
                                "type": "PipelineReference"
                            },
                            "waitOnCompletion": true,
                            "parameters": {}
                        }
                    }
                ],
                "policy": {
                    "elapsedTimeMetric": {}
                },
                "variables": {
                    "timevalue": {
                        "type": "String"
                    }
                },
                "folder": {
                    "name": "EDUFULLNESS-PROJECT"
                },
                "annotations": [],
                "lastPublishTime": "2025-03-09T04:14:25Z"
            },
            "dependsOn": [
                "[concat(variables('factoryId'), '/pipelines/HYDRATION TO SHARE POINT')]"
            ]
        },
        {
            "name": "[concat(parameters('factoryName'), '/FULL_load_implimentation')]",
            "type": "Microsoft.DataFactory/factories/pipelines",
            "apiVersion": "2018-06-01",
            "properties": {
                "activities": [
                    {
                        "name": "lookup_from_sql_azure_full_load",
                        "type": "Lookup",
                        "dependsOn": [],
                        "policy": {
                            "timeout": "0.12:00:00",
                            "retry": 0,
                            "retryIntervalInSeconds": 30,
                            "secureOutput": false,
                            "secureInput": false
                        },
                        "userProperties": [],
                        "typeProperties": {
                            "source": {
                                "type": "SqlServerSource",
                                "sqlReaderQuery": "SELECT * FROM dbo.hydration where LoadType='full' and status=1",
                                "queryTimeout": "02:00:00",
                                "partitionOption": "None"
                            },
                            "dataset": {
                                "referenceName": "SqlServerTableForFullLoad",
                                "type": "DatasetReference",
                                "parameters": {}
                            },
                            "firstRowOnly": false
                        }
                    },
                    {
                        "name": "ForEach1",
                        "type": "ForEach",
                        "dependsOn": [
                            {
                                "activity": "lookup_from_sql_azure_full_load",
                                "dependencyConditions": [
                                    "Succeeded"
                                ]
                            }
                        ],
                        "userProperties": [],
                        "typeProperties": {
                            "items": {
                                "value": "@activity('lookup_from_sql_azure_full_load').output.value",
                                "type": "Expression"
                            },
                            "activities": [
                                {
                                    "name": "Copy data1",
                                    "type": "Copy",
                                    "dependsOn": [],
                                    "policy": {
                                        "timeout": "0.12:00:00",
                                        "retry": 0,
                                        "retryIntervalInSeconds": 30,
                                        "secureOutput": false,
                                        "secureInput": false
                                    },
                                    "userProperties": [],
                                    "typeProperties": {
                                        "source": {
                                            "type": "SqlServerSource",
                                            "sqlReaderQuery": {
                                                "value": "@concat(\n    'select * from ',\n    item().sourceSchema,\n    '.',\n    item().sourceTableName\n    )",
                                                "type": "Expression"
                                            },
                                            "queryTimeout": "02:00:00",
                                            "partitionOption": "None"
                                        },
                                        "sink": {
                                            "type": "DelimitedTextSink",
                                            "storeSettings": {
                                                "type": "AzureBlobFSWriteSettings"
                                            },
                                            "formatSettings": {
                                                "type": "DelimitedTextWriteSettings",
                                                "quoteAllText": true,
                                                "fileExtension": ".txt"
                                            }
                                        },
                                        "enableStaging": false,
                                        "translator": {
                                            "type": "TabularTranslator",
                                            "typeConversion": true,
                                            "typeConversionSettings": {
                                                "allowDataTruncation": true,
                                                "treatBooleanAsNumber": false
                                            }
                                        }
                                    },
                                    "inputs": [
                                        {
                                            "referenceName": "SqlServerTable_onPrems",
                                            "type": "DatasetReference",
                                            "parameters": {
                                                "schema": {
                                                    "value": "@item().sourceSchema",
                                                    "type": "Expression"
                                                },
                                                "TableName": {
                                                    "value": "@item().sourceTableName",
                                                    "type": "Expression"
                                                }
                                            }
                                        }
                                    ],
                                    "outputs": [
                                        {
                                            "referenceName": "dS_adls_fullLoad_OUTPUT",
                                            "type": "DatasetReference",
                                            "parameters": {
                                                "Schema": {
                                                    "value": "@item().sourceSchema",
                                                    "type": "Expression"
                                                },
                                                "TABLEname": {
                                                    "value": "@item().sourceTableName",
                                                    "type": "Expression"
                                                }
                                            }
                                        }
                                    ]
                                }
                            ]
                        }
                    }
                ],
                "policy": {
                    "elapsedTimeMetric": {}
                },
                "folder": {
                    "name": "EDUFULLNESS-PROJECT"
                },
                "annotations": [],
                "lastPublishTime": "2025-03-11T03:26:47Z"
            },
            "dependsOn": [
                "[concat(variables('factoryId'), '/datasets/SqlServerTableForFullLoad')]",
                "[concat(variables('factoryId'), '/datasets/SqlServerTable_onPrems')]",
                "[concat(variables('factoryId'), '/datasets/dS_adls_fullLoad_OUTPUT')]"
            ]
        },
        {
            "name": "[concat(parameters('factoryName'), '/inremental_load_pipline')]",
            "type": "Microsoft.DataFactory/factories/pipelines",
            "apiVersion": "2018-06-01",
            "properties": {
                "activities": [
                    {
                        "name": "Lookup_for_iinc_hydration_file",
                        "type": "Lookup",
                        "dependsOn": [],
                        "policy": {
                            "timeout": "0.12:00:00",
                            "retry": 0,
                            "retryIntervalInSeconds": 30,
                            "secureOutput": false,
                            "secureInput": false
                        },
                        "userProperties": [],
                        "typeProperties": {
                            "source": {
                                "type": "SqlServerSource",
                                "sqlReaderQuery": {
                                    "value": "select * from [dbo].[hydration]  where LoadType='inc' and status=1\n",
                                    "type": "Expression"
                                },
                                "queryTimeout": "02:00:00",
                                "partitionOption": "None"
                            },
                            "dataset": {
                                "referenceName": "hhydration_file_to_sql_table",
                                "type": "DatasetReference",
                                "parameters": {}
                            },
                            "firstRowOnly": false
                        }
                    },
                    {
                        "name": "ForEach1",
                        "type": "ForEach",
                        "dependsOn": [
                            {
                                "activity": "Lookup_for_iinc_hydration_file",
                                "dependencyConditions": [
                                    "Succeeded"
                                ]
                            }
                        ],
                        "userProperties": [],
                        "typeProperties": {
                            "items": {
                                "value": "@activity('Lookup_for_iinc_hydration_file').output.value",
                                "type": "Expression"
                            },
                            "activities": [
                                {
                                    "name": "Lookup_for_watermark_date",
                                    "type": "Lookup",
                                    "dependsOn": [],
                                    "policy": {
                                        "timeout": "0.12:00:00",
                                        "retry": 0,
                                        "retryIntervalInSeconds": 30,
                                        "secureOutput": false,
                                        "secureInput": false
                                    },
                                    "userProperties": [],
                                    "typeProperties": {
                                        "source": {
                                            "type": "SqlServerSource",
                                            "sqlReaderQuery": {
                                                "value": "@concat('select watermarkDateTime from watermarktable where tablename = ''',item().sourceTableName,'''')",
                                                "type": "Expression"
                                            },
                                            "queryTimeout": "02:00:00",
                                            "partitionOption": "None"
                                        },
                                        "dataset": {
                                            "referenceName": "DS_SqlServerTable_watermark",
                                            "type": "DatasetReference",
                                            "parameters": {}
                                        },
                                        "firstRowOnly": false
                                    }
                                },
                                {
                                    "name": "Lookup_MAX_DATE_ON_PREMS",
                                    "type": "Lookup",
                                    "dependsOn": [],
                                    "policy": {
                                        "timeout": "0.12:00:00",
                                        "retry": 0,
                                        "retryIntervalInSeconds": 30,
                                        "secureOutput": false,
                                        "secureInput": false
                                    },
                                    "userProperties": [],
                                    "typeProperties": {
                                        "source": {
                                            "type": "SqlServerSource",
                                            "sqlReaderQuery": {
                                                "value": "@concat('select  max(ModifiedDate) as MAXDATE from ',item().sourceSchema,'.',item().sourceTableName )",
                                                "type": "Expression"
                                            },
                                            "queryTimeout": "02:00:00",
                                            "partitionOption": "None"
                                        },
                                        "dataset": {
                                            "referenceName": "DS_SqlServerTable_ON_PREMS",
                                            "type": "DatasetReference",
                                            "parameters": {}
                                        },
                                        "firstRowOnly": false
                                    }
                                },
                                {
                                    "name": "Copy data1",
                                    "type": "Copy",
                                    "dependsOn": [
                                        {
                                            "activity": "Lookup_for_watermark_date",
                                            "dependencyConditions": [
                                                "Succeeded"
                                            ]
                                        },
                                        {
                                            "activity": "Lookup_MAX_DATE_ON_PREMS",
                                            "dependencyConditions": [
                                                "Succeeded"
                                            ]
                                        }
                                    ],
                                    "policy": {
                                        "timeout": "0.12:00:00",
                                        "retry": 0,
                                        "retryIntervalInSeconds": 30,
                                        "secureOutput": false,
                                        "secureInput": false
                                    },
                                    "userProperties": [],
                                    "typeProperties": {
                                        "source": {
                                            "type": "SqlServerSource",
                                            "sqlReaderQuery": {
                                                "value": "@concat('\n         select * from \n         ',item().sourceSchema,'\n         .\n         ',item().sourceTableName,'\n          where ModifiedDate >\n          ''',activity('Lookup_for_watermark_date').output.value[0].watermarkDatetime,'''\n          and  ModifiedDate <=\n          ''',activity('Lookup_MAX_DATE_ON_PREMS').output.value[0].MAXDATE,'''\n          ' )",
                                                "type": "Expression"
                                            },
                                            "queryTimeout": "02:00:00",
                                            "partitionOption": "None"
                                        },
                                        "sink": {
                                            "type": "DelimitedTextSink",
                                            "storeSettings": {
                                                "type": "AzureBlobFSWriteSettings"
                                            },
                                            "formatSettings": {
                                                "type": "DelimitedTextWriteSettings",
                                                "quoteAllText": true,
                                                "fileExtension": ".txt"
                                            }
                                        },
                                        "enableStaging": false,
                                        "translator": {
                                            "type": "TabularTranslator",
                                            "typeConversion": true,
                                            "typeConversionSettings": {
                                                "allowDataTruncation": true,
                                                "treatBooleanAsNumber": false
                                            }
                                        }
                                    },
                                    "inputs": [
                                        {
                                            "referenceName": "DS_SqlServerTable_ON_PREMS",
                                            "type": "DatasetReference",
                                            "parameters": {}
                                        }
                                    ],
                                    "outputs": [
                                        {
                                            "referenceName": "DelimitedText1",
                                            "type": "DatasetReference",
                                            "parameters": {
                                                "schema_param": {
                                                    "value": "@item().sourceSchema",
                                                    "type": "Expression"
                                                },
                                                "tableName_param": {
                                                    "value": "@item().sourceTableName",
                                                    "type": "Expression"
                                                }
                                            }
                                        }
                                    ]
                                },
                                {
                                    "name": "Script_update_water_mark",
                                    "type": "Script",
                                    "dependsOn": [
                                        {
                                            "activity": "Copy data1",
                                            "dependencyConditions": [
                                                "Succeeded"
                                            ]
                                        }
                                    ],
                                    "policy": {
                                        "timeout": "0.12:00:00",
                                        "retry": 0,
                                        "retryIntervalInSeconds": 30,
                                        "secureOutput": false,
                                        "secureInput": false
                                    },
                                    "userProperties": [],
                                    "linkedServiceName": {
                                        "referenceName": "SqlServer1",
                                        "type": "LinkedServiceReference"
                                    },
                                    "typeProperties": {
                                        "scripts": [
                                            {
                                                "type": "Query",
                                                "text": {
                                                    "value": "@concat('update watermarktable set watermarkDateTime = ''',activity('Lookup_MAX_DATE_ON_PREMS').output.value[0].MAXDATE,''' where  tablename = ''',item().sourceTableName,'''')",
                                                    "type": "Expression"
                                                }
                                            }
                                        ],
                                        "scriptBlockExecutionTimeout": "02:00:00"
                                    }
                                }
                            ]
                        }
                    }
                ],
                "policy": {
                    "elapsedTimeMetric": {}
                },
                "folder": {
                    "name": "EDUFULLNESS-PROJECT"
                },
                "annotations": [],
                "lastPublishTime": "2025-03-11T12:47:52Z"
            },
            "dependsOn": [
                "[concat(variables('factoryId'), '/datasets/hhydration_file_to_sql_table')]",
                "[concat(variables('factoryId'), '/datasets/DS_SqlServerTable_watermark')]",
                "[concat(variables('factoryId'), '/datasets/DS_SqlServerTable_ON_PREMS')]",
                "[concat(variables('factoryId'), '/datasets/DelimitedText1')]",
                "[concat(variables('factoryId'), '/linkedServices/SqlServer1')]"
            ]
        },
        {
            "name": "[concat(parameters('factoryName'), '/LS_TO_ADLS')]",
            "type": "Microsoft.DataFactory/factories/linkedServices",
            "apiVersion": "2018-06-01",
            "properties": {
                "annotations": [],
                "type": "AzureBlobFS",
                "typeProperties": {
                    "url": "[parameters('LS_TO_ADLS_properties_typeProperties_url')]",
                    "accountKey": {
                        "type": "SecureString",
                        "value": "[parameters('LS_TO_ADLS_accountKey')]"
                    }
                }
            },
            "dependsOn": []
        },
        {
            "name": "[concat(parameters('factoryName'), '/SqlServer1')]",
            "type": "Microsoft.DataFactory/factories/linkedServices",
            "apiVersion": "2018-06-01",
            "properties": {
                "annotations": [],
                "type": "SqlServer",
                "typeProperties": {
                    "connectionString": "[parameters('SqlServer1_connectionString')]"
                }
            },
            "dependsOn": []
        },
        {
            "name": "[concat(parameters('factoryName'), '/LS_on_prems_SqlServer')]",
            "type": "Microsoft.DataFactory/factories/linkedServices",
            "apiVersion": "2018-06-01",
            "properties": {
                "annotations": [],
                "type": "SqlServer",
                "typeProperties": {
                    "connectionString": "[parameters('LS_on_prems_SqlServer_connectionString')]"
                },
                "connectVia": {
                    "referenceName": "IR-ON-PREMS",
                    "type": "IntegrationRuntimeReference"
                }
            },
            "dependsOn": [
                "[concat(variables('factoryId'), '/integrationRuntimes/IR-ON-PREMS')]"
            ]
        },
        {
            "name": "[concat(parameters('factoryName'), '/AzureDatabricks_edufullness')]",
            "type": "Microsoft.DataFactory/factories/linkedServices",
            "apiVersion": "2018-06-01",
            "properties": {
                "annotations": [],
                "type": "AzureDatabricks",
                "typeProperties": {
                    "domain": "https://adb-2685315582446084.4.azuredatabricks.net",
                    "accessToken": {
                        "type": "SecureString",
                        "value": "[parameters('AzureDatabricks_edufullness_accessToken')]"
                    },
                    "existingClusterId": "[parameters('AzureDatabricks_edufullness_properties_typeProperties_existingClusterId')]"
                }
            },
            "dependsOn": []
        }
    ]
}